{"cameraMode":{"drawMode":0,"name":"Shaded","section":"Shading Mode"},"sceneLighting":false,"audioPlay":false,"sceneViewState":{"showFog":true,"showMaterialUpdate":false,"showSkybox":false,"showFlares":true,"showImageEffects":true,"showParticleSystems":true},"in2DMode":false,"pivot":{"x":0.008798092603683472,"y":0.37295061349868777,"z":0.0988953709602356},"rotation":{"x":0.00731763057410717,"y":0.9869431853294373,"z":-0.04681423678994179,"w":0.1540098488330841},"size":2.3232674598693849,"orthographic":true}