{"cameraMode":{"drawMode":0,"name":"Shaded","section":"Shading Mode"},"sceneLighting":false,"audioPlay":false,"sceneViewState":{"showFog":true,"showMaterialUpdate":false,"showSkybox":false,"showFlares":true,"showImageEffects":true,"showParticleSystems":true},"in2DMode":false,"pivot":{"x":0.0,"y":0.15010979771614076,"z":0.14033061265945435},"rotation":{"x":-0.0019408338703215123,"y":0.9926844239234924,"z":-0.11969722807407379,"w":-0.016083359718322755},"size":5.575169086456299,"orthographic":true}