{"cameraMode":{"drawMode":0,"name":"Shaded","section":"Shading Mode"},"sceneLighting":false,"audioPlay":false,"sceneViewState":{"showFog":true,"showMaterialUpdate":false,"showSkybox":false,"showFlares":true,"showImageEffects":true,"showParticleSystems":true},"in2DMode":false,"pivot":{"x":18.456649780273439,"y":31.48843002319336,"z":-5.447116851806641},"rotation":{"x":0.18563197553157807,"y":0.3163588047027588,"z":-0.0632723942399025,"w":0.9281473159790039},"size":249.56448364257813,"orthographic":true}